"","Sewershed_ID","State/Territory","Counties_Served","Detection_Category","Date_the_Site_Began_Sampling_Data","Population_Served","latitude","longitude","date_updated","time.period"
"1","ID:2156","Wisconsin","Rock","No Samples in Last Week","2024-09-06","63500","42.68372979514974","-89.06909261951458","2025-07-10T08:03:21.766703Z","June 29, 2025 - July 05, 2025"
"2","ID:1720","Oregon","Clatsop","No Samples in Last Week","2022-12-08","11326","46.17105066764508","-123.81348015335999","2025-07-10T08:03:21.766703Z","June 29, 2025 - July 05, 2025"
"3","ID:2124","Wisconsin","Chippewa, Eau Claire","No Samples in Last Week","2024-09-05","77714","44.823690777632294","-91.51454039439889","2025-07-10T08:03:21.766703Z","June 29, 2025 - July 05, 2025"
"4","ID:149","California","San Francisco","No Samples in Last Week","2024-12-10","9923","37.85704631181363","-122.5146762562939","2025-07-10T08:03:21.766703Z","June 29, 2025 - July 05, 2025"
"5","ID:154","California","San Francisco","No Samples in Last Week","2024-11-26","4416","37.609692607108","-122.49251272672508","2025-07-10T08:03:21.766703Z","June 29, 2025 - July 05, 2025"
"6","ID:172","California","Santa Barbara","No Samples in Last Week","2024-11-21","77600","34.42773707272031","-119.68184192550467","2025-07-10T08:03:21.766703Z","June 29, 2025 - July 05, 2025"
"7","ID:1733","Oregon","Lane","No Samples in Last Week","2024-07-15","8925","43.9891004474181","-124.10318822325502","2025-07-10T08:03:21.766703Z","June 29, 2025 - July 05, 2025"
"8","ID:1751","Oregon","Wasco","No Samples in Last Week","2024-07-11","15276","45.59990184874259","-121.19465479641465","2025-07-10T08:03:21.766703Z","June 29, 2025 - July 05, 2025"
"9","ID:1809","Rhode Island","Providence","No Samples in Last Week","2024-12-03","10000","41.928896427163096","-71.68676700316779","2025-07-10T08:03:21.766703Z","June 29, 2025 - July 05, 2025"
"10","ID:111","California","Lake","No Samples in Last Week","2024-11-18","13200","38.958743474151554","-122.6362873165991","2025-07-10T08:03:21.766703Z","June 29, 2025 - July 05, 2025"
"11","ID:252","Colorado","Pueblo","No Samples in Last Week","2024-07-17","96515","38.28341159145429","-104.58156700246714","2025-07-10T08:03:21.766703Z","June 29, 2025 - July 05, 2025"
"12","ID:2140","Wisconsin","Marinette","No Samples in Last Week","2024-09-08","3500","45.06221834921889","-87.76129391007723","2025-07-10T08:03:21.766703Z","June 29, 2025 - July 05, 2025"
"13","ID:152","California","San Francisco, San Mateo","No Samples in Last Week","2024-11-26","66446","37.752073","-122.376561","2025-07-10T08:03:21.766703Z","June 29, 2025 - July 05, 2025"
"14","ID:1220","New Jersey","Passaic","No Samples in Last Week","2025-01-27","54000","40.98393808660545","-74.27672092024015","2025-07-10T08:03:21.766703Z","June 29, 2025 - July 05, 2025"
"15","ID:2296","Arizona","Coconino","No Samples in Last Week","2024-11-13","80000","35.23611691744211","-111.57058016966509","2025-07-10T08:03:21.766703Z","June 29, 2025 - July 05, 2025"
"16","ID:2408","Arizona","La Paz","No Samples in Last Week","2024-11-04","3400","34.169016201646336","-114.26318221900381","2025-07-10T08:03:21.766703Z","June 29, 2025 - July 05, 2025"
"17","ID:1755","Oregon","Washington","No Samples in Last Week","2024-07-10","40000","45.53146898717338","-123.1247957319748","2025-07-10T08:03:21.766703Z","June 29, 2025 - July 05, 2025"
"18","ID:1201","New Jersey","Atlantic","No Samples in Last Week","2025-01-29","250000","39.36228107315562","-74.4376909152751","2025-07-10T08:03:21.766703Z","June 29, 2025 - July 05, 2025"
"19","ID:144","California","San Bernardino","No Samples in Last Week","2024-11-20","325000","34.08668186604309","-117.26947226249403","2025-07-10T08:03:21.766703Z","June 29, 2025 - July 05, 2025"
"20","ID:189","California","Sutter","No Samples in Last Week","2024-11-20","70000","39.128895800399995","-121.67037903234858","2025-07-10T08:03:21.766703Z","June 29, 2025 - July 05, 2025"
"21","ID:182","California","Shasta","No Samples in Last Week","2024-11-21","60000","40.488674313484836","-122.26411339735043","2025-07-10T08:03:21.766703Z","June 29, 2025 - July 05, 2025"
"22","ID:2164","Wisconsin","Vernon","No Samples in Last Week","2024-09-09","4400","43.5526125369417","-90.8975164165606","2025-07-10T08:03:21.766703Z","June 29, 2025 - July 05, 2025"
"23","ID:1747","Oregon","Umatilla","No Samples in Last Week","2022-03-24","18775","45.84909743875368","-119.29123040744301","2025-07-10T08:03:21.766703Z","June 29, 2025 - July 05, 2025"
"24","ID:203","Colorado","Arapahoe","No Samples in Last Week","2024-07-14","247443","39.64164336006416","-105.00465787461152","2025-07-10T08:03:21.766703Z","June 29, 2025 - July 05, 2025"
"25","ID:106","California","Kern","No Samples in Last Week","2024-11-19","168750","35.333073967418194","-119.06961443202067","2025-07-10T08:03:21.766703Z","June 29, 2025 - July 05, 2025"
"26","ID:2129","Wisconsin","Jackson","No Samples in Last Week","2024-09-09","5000","44.28576898841382","-90.84399531328681","2025-07-10T08:03:21.766703Z","June 29, 2025 - July 05, 2025"
"27","ID:137","California","Plumas","No Samples in Last Week","2024-11-21","4217","39.935446378654675","-120.91762346654949","2025-07-10T08:03:21.766703Z","June 29, 2025 - July 05, 2025"
"28","ID:95","California","Butte","No Samples in Last Week","2024-11-21","44000","39.52626426187867","-121.56708897551168","2025-07-10T08:03:21.766703Z","June 29, 2025 - July 05, 2025"
"29","ID:260","Colorado","Summit","No Samples in Last Week","2024-07-25","35643","39.4199799097586","-106.10779482020504","2025-07-10T08:03:21.766703Z","June 29, 2025 - July 05, 2025"
"30","ID:1728","Oregon","Hood River","No Samples in Last Week","2022-05-31","7800","45.685528512789276","-121.53162667724526","2025-07-10T08:03:21.766703Z","June 29, 2025 - July 05, 2025"
"31","ID:1223","New Jersey","Sussex","No Samples in Last Week","2025-01-29","7751","41.07379179913103","-74.79746423433288","2025-07-10T08:03:21.766703Z","June 29, 2025 - July 05, 2025"
"32","ID:1752","Oregon","Washington","No Samples in Last Week","2024-07-10","220000","45.40614460074786","-122.79107080867696","2025-07-10T08:03:21.766703Z","June 29, 2025 - July 05, 2025"
"33","ID:2133","Wisconsin","La Crosse","No Samples in Last Week","2024-09-09","85000","43.797818584974856","-91.22164145580747","2025-07-10T08:03:21.766703Z","June 29, 2025 - July 05, 2025"
"34","ID:2154","Wisconsin","Racine","No Samples in Last Week","2024-09-08","139000","42.701683166811314","-87.80217026351143","2025-07-10T08:03:21.766703Z","June 29, 2025 - July 05, 2025"
"35","ID:2108","Wisconsin","Kewaunee, Brown","No Samples in Last Week","2024-09-07","189000","44.50099475695818","-87.97446283091674","2025-07-10T08:03:21.766703Z","June 29, 2025 - July 05, 2025"
"36","ID:165","California","San Luis Obispo","No Samples in Last Week","2024-11-20","47545","35.1938038976915","-120.6597246364019","2025-07-10T08:03:21.766703Z","June 29, 2025 - July 05, 2025"
"37","ID:1819","South Carolina","Greenwood","No Samples in Last Week","2024-09-11","12000","34.166187908993244","-82.1217796039301","2025-07-10T08:03:21.766703Z","June 29, 2025 - July 05, 2025"
"38","ID:2132","Wisconsin","Kenosha","No Samples in Last Week","2024-09-05","122000","42.5619287498442","-87.83216609974882","2025-07-10T08:03:21.766703Z","June 29, 2025 - July 05, 2025"
"39","ID:1753","Oregon","Washington","No Samples in Last Week","2022-11-20","40000","45.45951429225867","-122.92795340466323","2025-07-10T08:03:21.766703Z","June 29, 2025 - July 05, 2025"
"40","ID:98","California","Contra Costa","No Samples in Last Week","2024-11-21","218281","38.05030419721884","-121.81754670735181","2025-07-10T08:03:21.766703Z","June 29, 2025 - July 05, 2025"
"41","ID:96","California","Butte","No Samples in Last Week","2024-11-25","101299","39.72802341795413","-121.81588766284534","2025-07-10T08:03:21.766703Z","June 29, 2025 - July 05, 2025"
"42","ID:1731","Oregon","Josephine","No Samples in Last Week","2022-01-13","37725","42.46442022767541","-123.3387907506834","2025-07-10T08:03:21.766703Z","June 29, 2025 - July 05, 2025"
"43","ID:94","California","Contra Costa, Alameda","No Samples in Last Week","2025-05-20","740000","37.842066227318405","-122.31219593402726","2025-07-10T08:03:21.766703Z","June 29, 2025 - July 05, 2025"
"44","ID:23","Arizona","Maricopa","No Samples in Last Week","2024-11-12","17280","33.47739524432734","-111.96423769954548","2025-07-10T08:03:21.766703Z","June 29, 2025 - July 05, 2025"
"45","ID:122","California","Marin","No Samples in Last Week","2024-09-26","18000","37.86465735537582","-122.52960090335664","2025-07-10T08:03:21.766703Z","June 29, 2025 - July 05, 2025"
"46","ID:2141","Wisconsin","Milwaukee, Ozaukee","No Samples in Last Week","2024-09-04","470007","42.980551360211116","-87.9000103751204","2025-07-10T08:03:21.766703Z","June 29, 2025 - July 05, 2025"
"47","ID:1205","New Jersey","Cumberland","No Samples in Last Week","2025-01-30","30000","39.38707615554787","-75.05036375114001","2025-07-10T08:03:21.766703Z","June 29, 2025 - July 05, 2025"
"48","ID:2178","Wisconsin","Marathon, Wood","No Samples in Last Week","2024-09-09","19300","44.657939984779084","-90.18009897028863","2025-07-10T08:03:21.766703Z","June 29, 2025 - July 05, 2025"
"49","ID:2167","Wisconsin","Walworth","No Samples in Last Week","2024-09-09","30000","42.63405998312104","-88.6468105638755","2025-07-10T08:03:21.766703Z","June 29, 2025 - July 05, 2025"
"50","ID:2122","Wisconsin","Douglas","No Samples in Last Week","2024-09-08","28000","46.699382343243435","-92.09527796169017","2025-07-10T08:03:21.766703Z","June 29, 2025 - July 05, 2025"
"51","ID:2177","Wisconsin","Winnebago","No Samples in Last Week","2024-09-09","78300","43.99839392250188","-88.5515827125934","2025-07-10T08:03:21.766703Z","June 29, 2025 - July 05, 2025"
"52","ID:100","California","Del Norte","No Samples in Last Week","2024-11-19","15372","41.78497150900756","-124.19009920923668","2025-07-10T08:03:21.766703Z","June 29, 2025 - July 05, 2025"
"53","ID:1739","Oregon","Malheur","No Samples in Last Week","2022-01-11","12000","44.03461480781948","-116.98473515842964","2025-07-10T08:03:21.766703Z","June 29, 2025 - July 05, 2025"
"54","ID:151","California","San Francisco","No Samples in Last Week","2024-11-26","6308","37.69896941961748","-122.50004397999565","2025-07-10T08:03:21.766703Z","June 29, 2025 - July 05, 2025"
"55","ID:2119","Wisconsin","Dane","No Samples in Last Week","2024-09-09","10757","42.93125586122997","-89.38788109378349","2025-07-10T08:03:21.766703Z","June 29, 2025 - July 05, 2025"
"56","ID:153","California","San Francisco","No Samples in Last Week","2024-11-26","3882","37.649789095173695","-122.15554614930682","2025-07-10T08:03:21.766703Z","June 29, 2025 - July 05, 2025"
"57","ID:1748","Oregon","Umatilla","No Samples in Last Week","2021-12-27","17500","45.66533621739651","-118.78101874161308","2025-07-10T08:03:21.766703Z","June 29, 2025 - July 05, 2025"
"58","ID:108","California","Kings","No Samples in Last Week","2025-03-27","56000","36.28534232231088","-119.5121386351576","2025-07-10T08:03:21.766703Z","June 29, 2025 - July 05, 2025"
"59","ID:103","California","Humboldt","No Samples in Last Week","2024-11-17","45000","40.7421465907595","-124.21081916401151","2025-07-10T08:03:21.766703Z","June 29, 2025 - July 05, 2025"
"60","ID:2521","Oregon","Deschutes","No Samples in Last Week","2021-12-14","92850",NA,NA,"2025-07-10T08:03:21.766703Z","June 29, 2025 - July 05, 2025"
"61","ID:757","Massachusetts","Worcester","No Samples in Last Week","2024-09-10","42000","42.50944062056424","-71.80031939169099","2025-07-10T08:03:21.766703Z","June 29, 2025 - July 05, 2025"
"62","ID:2174","Wisconsin","Waupaca","No Samples in Last Week","2024-09-05","4500","44.63329443765989","-88.74782667480903","2025-07-10T08:03:21.766703Z","June 29, 2025 - July 05, 2025"
"63","ID:213","Colorado","Douglas","No Samples in Last Week","2024-07-11","60571","39.552908724009825","-105.00886913000006","2025-07-10T08:03:21.766703Z","June 29, 2025 - July 05, 2025"
"64","ID:1816","South Carolina","Georgetown","No Samples in Last Week","2024-09-11","12000","33.40128537352526","-79.3538593236831","2025-07-10T08:03:21.766703Z","June 29, 2025 - July 05, 2025"
"65","ID:129","California","Napa","No Samples in Last Week","2024-11-20","20256","38.18110956474862","-122.2539512981863","2025-07-10T08:03:21.766703Z","June 29, 2025 - July 05, 2025"
"66","ID:201","Colorado","Alamosa","No Samples in Last Week","2024-07-11","18364","37.471105942218635","-105.87302541971762","2025-07-10T08:03:21.766703Z","June 29, 2025 - July 05, 2025"
"67","ID:1810","Rhode Island","Providence","No Samples in Last Week","2024-12-02","120000","41.8713124302683","-71.36565088333285","2025-07-10T08:03:21.766703Z","June 29, 2025 - July 05, 2025"
"68","ID:131","California","El Dorado, Nevada, Placer","No Samples in Last Week","2024-11-17","50000","39.32818655440214","-120.18752424790287","2025-07-10T08:03:21.766703Z","June 29, 2025 - July 05, 2025"
"69","ID:150","California","San Francisco","No Samples in Last Week","2024-11-26","11738","37.83046","-122.377679","2025-07-10T08:03:21.766703Z","June 29, 2025 - July 05, 2025"
"70","ID:1754","Oregon","Washington","No Samples in Last Week","2024-07-10","9900","45.54695273711624","-122.97610982385633","2025-07-10T08:03:21.766703Z","June 29, 2025 - July 05, 2025"
"71","ID:2157","Wisconsin","Saint Croix","No Samples in Last Week","2024-09-05","19680","44.96802251349569","-92.72662364735743","2025-07-10T08:03:21.766703Z","June 29, 2025 - July 05, 2025"
"72","ID:135","California","Orange","No Samples in Last Week","2024-11-17","1800000","33.71114556596636","-117.95081985732627","2025-07-10T08:03:21.766703Z","June 29, 2025 - July 05, 2025"
"73","ID:2125","Wisconsin","Fond Du Lac","No Samples in Last Week","2024-09-08","65000","43.77395535186312","-88.44157337196268","2025-07-10T08:03:21.766703Z","June 29, 2025 - July 05, 2025"
"74","ID:2162","Wisconsin","Sheboygan","No Samples in Last Week","2024-09-06","70000","43.73435193484214","-87.7309055208174","2025-07-10T08:03:21.766703Z","June 29, 2025 - July 05, 2025"
"75","ID:232","Colorado","La Plata","No Samples in Last Week","2024-08-01","23429","37.2839904891867","-107.86916225536031","2025-07-10T08:03:21.766703Z","June 29, 2025 - July 05, 2025"
"76","ID:2142","Wisconsin","Milwaukee, Ozaukee, Racine, Waukesha, Washington","No Samples in Last Week","2024-09-04","615934","42.881377853891124","-87.90309213448691","2025-07-10T08:03:21.766703Z","June 29, 2025 - July 05, 2025"
"77","ID:2380","California","Shasta","No Samples in Last Week","2025-04-07","29000","40.45618749334291","-122.30226927620566","2025-07-10T08:03:21.766703Z","June 29, 2025 - July 05, 2025"
"78","ID:1852","Texas","Dallas","No Detection","2024-09-17","22191","32.6735019995405","-97.02731304735251","2025-07-10T08:03:21.766703Z","June 29, 2025 - July 05, 2025"
"79","ID:2348","California","Placer","No Detection","2025-06-17","127000",NA,NA,"2025-07-10T08:03:21.766703Z","June 29, 2025 - July 05, 2025"
"80","ID:1202","New Jersey","Bergen","No Detection","2025-01-29","564563","40.80235518420544","-74.04699734109336","2025-07-10T08:03:21.766703Z","June 29, 2025 - July 05, 2025"
"81","ID:1830","South Dakota","Lincoln, Minnehaha","No Detection","2025-05-12","219000","43.563425787874195","-96.73029707936897","2025-07-10T08:03:21.766703Z","June 29, 2025 - July 05, 2025"
"82","ID:179","California","Santa Cruz","No Detection","2024-05-16","160000","36.9573575955244","-121.88909825086357","2025-07-10T08:03:21.766703Z","June 29, 2025 - July 05, 2025"
"83","ID:2520","Oregon","Columbia","No Detection","2024-07-31","13739",NA,NA,"2025-07-10T08:03:21.766703Z","June 29, 2025 - July 05, 2025"
"84","ID:510","Indiana","Hamilton","No Detection","2024-05-17","86000","39.892966637994924","-86.17797051852887","2025-07-10T08:03:21.766703Z","June 29, 2025 - July 05, 2025"
"85","ID:339","Georgia","Fulton","No Detection","2024-06-02","294660","33.783247073181116","-84.43371976758208","2025-07-10T08:03:21.766703Z","June 29, 2025 - July 05, 2025"
"86","ID:141","California","San Benito","No Detection","2024-10-14","43000","36.89949792292941","-121.3772211348991","2025-07-10T08:03:21.766703Z","June 29, 2025 - July 05, 2025"
"87","ID:14","Alaska","Anchorage","No Detection","2024-09-09","23000","61.24883388324649","-149.47473787003327","2025-07-10T08:03:21.766703Z","June 29, 2025 - July 05, 2025"
"88","ID:1504","North Carolina","Watauga","No Detection","2024-09-10","26000","36.188139243458195","-81.70886143954183","2025-07-10T08:03:21.766703Z","June 29, 2025 - July 05, 2025"
"89","ID:438","Illinois","Du Page","No Detection","2024-05-20","86000","41.88240373967926","-88.0937208702073","2025-07-10T08:03:21.766703Z","June 29, 2025 - July 05, 2025"
"90","ID:1490","North Carolina","Rowan","No Detection","2024-09-10","32000","35.69256349062329","-80.5898480014026","2025-07-10T08:03:21.766703Z","June 29, 2025 - July 05, 2025"
"91","ID:115","California","Ventura, Los Angeles","No Detection","2024-09-10","75000","34.18525405278745","-118.66252174892335","2025-07-10T08:03:21.766703Z","June 29, 2025 - July 05, 2025"
"92","ID:1198","New Hampshire","Sullivan","No Detection","2024-09-08","6000","43.38258716283726","-72.0858682812429","2025-07-10T08:03:21.766703Z","June 29, 2025 - July 05, 2025"
"93","ID:5","Alabama","Jefferson","No Detection","2024-05-17","77000","33.60775484874904","-86.81277351143846","2025-07-10T08:03:21.766703Z","June 29, 2025 - July 05, 2025"
"94","ID:529","Indiana","St Joseph","No Detection","2024-05-16","130000","41.64679229828861","-86.32165953645121","2025-07-10T08:03:21.766703Z","June 29, 2025 - July 05, 2025"
"95","ID:543","Iowa","Dakota, Woodbury, Union","No Detection","2024-09-10","110000","42.51458460882386","-96.33921763687829","2025-07-10T08:03:21.766703Z","June 29, 2025 - July 05, 2025"
"96","ID:700","Maine","Cumberland","No Detection","2024-05-20","65000","43.665194474727016","-70.32846621863438","2025-07-10T08:03:21.766703Z","June 29, 2025 - July 05, 2025"
"97","ID:1017","Minnesota","Olmsted","No Detection","2024-05-17","120000","44.03530395536822","-92.45191835706076","2025-07-10T08:03:21.766703Z","June 29, 2025 - July 05, 2025"
"98","ID:1730","Oregon","Jackson","No Detection","2022-03-07","133708","42.38742347288933","-122.92010310312209","2025-07-10T08:03:21.766703Z","June 29, 2025 - July 05, 2025"
"99","ID:140","California","Sacramento","No Detection","2024-05-20","1480000","38.371418660029924","-121.42308815546639","2025-07-10T08:03:21.766703Z","June 29, 2025 - July 05, 2025"
"100","ID:178","California","Santa Cruz","No Detection","2024-09-09","94000","37.025672","-122.223799","2025-07-10T08:03:21.766703Z","June 29, 2025 - July 05, 2025"
"101","ID:2440","Maryland","Montgomery","No Detection","2025-02-13","5354","39.23528179189777","-77.16339993841213","2025-07-10T08:03:21.766703Z","June 29, 2025 - July 05, 2025"
"102","ID:358","Hawaii","Honolulu","No Detection","2024-09-09","101000","21.34717249704623","-157.7029006271585","2025-07-10T08:03:21.766703Z","June 29, 2025 - July 05, 2025"
"103","ID:1701","Oklahoma","Garfield","No Detection","2024-09-10","50350","36.453037813071404","-97.8158176037046","2025-07-10T08:03:21.766703Z","June 29, 2025 - July 05, 2025"
"104","ID:2346","California","El Dorado","No Detection","2025-06-17","125000",NA,NA,"2025-07-10T08:03:21.766703Z","June 29, 2025 - July 05, 2025"
"105","ID:556","Kansas","Wyandotte","No Detection","2024-05-21","90000","39.10954657415276","-94.64918835597746","2025-07-10T08:03:21.766703Z","June 29, 2025 - July 05, 2025"
"106","ID:1736","Oregon","Lincoln","No Detection","2022-06-23","10400","44.60022577427321","-124.05866551840194","2025-07-10T08:03:21.766703Z","June 29, 2025 - July 05, 2025"
"107","ID:1832","South Dakota","Yankton","No Detection","2024-05-16","20000","42.853571289440254","-97.43248430785651","2025-07-10T08:03:21.766703Z","June 29, 2025 - July 05, 2025"
"108","ID:2087","West Virginia","Ohio","No Detection","2024-05-17","100000","40.12278263083178","-80.68682786890618","2025-07-10T08:03:21.766703Z","June 29, 2025 - July 05, 2025"
"109","ID:193","California","Yolo","No Detection","2024-05-17","68000","38.55403330524606","-121.75671506135645","2025-07-10T08:03:21.766703Z","June 29, 2025 - July 05, 2025"
"110","ID:2444","California","San Joaquin","No Detection","2025-02-20","67000","38.11604505140661","-121.2161210166851","2025-07-10T08:03:21.766703Z","June 29, 2025 - July 05, 2025"
"111","ID:554","Kansas","Shawnee","No Detection","2024-09-09","90000","39.04349413714895","-95.73182235238598","2025-07-10T08:03:21.766703Z","June 29, 2025 - July 05, 2025"
"112","ID:1847","Texas","Cooke","No Detection","2024-05-20","17300","33.628163196471704","-97.1196856716122","2025-07-10T08:03:21.766703Z","June 29, 2025 - July 05, 2025"
"113","ID:199","Colorado","Denver","No Detection","2024-07-11","709904","39.85035851265784","-105.01511233005397","2025-07-10T08:03:21.766703Z","June 29, 2025 - July 05, 2025"
"114","ID:1804","Rhode Island","Bristol","No Detection","2024-09-12","21100","41.580318","-71.3312","2025-07-10T08:03:21.766703Z","June 29, 2025 - July 05, 2025"
"115","ID:128","California","Monterey","No Detection","2024-09-10","16000","36.48911448356091","-121.9054380419865","2025-07-10T08:03:21.766703Z","June 29, 2025 - July 05, 2025"
"116","ID:1183","New Hampshire","Cumberland, Oxford, Belknap, Carroll","No Detection","2024-09-09","6500","43.99255216270959","-71.13618589683153","2025-07-10T08:03:21.766703Z","June 29, 2025 - July 05, 2025"
"117","ID:1211","New Jersey","Hunterdon","No Detection","2025-01-28","9440","40.63749821977525","-74.9098458255259","2025-07-10T08:03:21.766703Z","June 29, 2025 - July 05, 2025"
"118","ID:313","Florida","Orange","No Detection","2024-05-16","277823","28.535089072366908","-81.16188603552476","2025-07-10T08:03:21.766703Z","June 29, 2025 - July 05, 2025"
"119","ID:314","Florida","Orange","No Detection","2024-05-16","66690","28.490942678433715","-81.42980501109692","2025-07-10T08:03:21.766703Z","June 29, 2025 - July 05, 2025"
"120","ID:215","Colorado","Douglas","No Detection","2024-05-21","25000","39.438216077508216","-104.71174508694","2025-07-10T08:03:21.766703Z","June 29, 2025 - July 05, 2025"
"121","ID:1792","Pennsylvania","Montgomery","No Detection","2024-09-10","13000","40.128258991758166","-75.16473868633474","2025-07-10T08:03:21.766703Z","June 29, 2025 - July 05, 2025"
"122","ID:162","California","San Luis Obispo","No Detection","2024-09-10","14465","35.31286271733179","-120.83381435864605","2025-07-10T08:03:21.766703Z","June 29, 2025 - July 05, 2025"
"123","ID:714","Maine","Piscataquis","No Detection","2024-09-10","1000","45.2838966078732","-69.36347781192964","2025-07-10T08:03:21.766703Z","June 29, 2025 - July 05, 2025"
"124","ID:2182","Wyoming","Sheridan","No Detection","2024-09-10","18000","44.78272313029274","-106.96189130354816","2025-07-10T08:03:21.766703Z","June 29, 2025 - July 05, 2025"
"125","ID:180","California","Santa Cruz, Monterey","No Detection","2024-09-09","60000","36.984439366944905","-121.81329206871919","2025-07-10T08:03:21.766703Z","June 29, 2025 - July 05, 2025"
"126","ID:535","Iowa","Johnson","No Detection","2024-09-09","75000","41.67065962408604","-91.55858229663528","2025-07-10T08:03:21.766703Z","June 29, 2025 - July 05, 2025"
"127","ID:1740","Oregon","Marion","No Detection","2022-05-26","26273","45.144621520207295","-122.85628666525261","2025-07-10T08:03:21.766703Z","June 29, 2025 - July 05, 2025"
"128","ID:374","Idaho","Ada","No Detection","2024-05-17","186901","43.70000329230031","-116.44433267476565","2025-07-10T08:03:21.766703Z","June 29, 2025 - July 05, 2025"
"129","ID:2470","Nevada","Clark","No Detection","2025-04-15","23500","36.81095376340142","-114.08005580701526","2025-07-10T08:03:21.766703Z","June 29, 2025 - July 05, 2025"
"130","ID:148","California","San Francisco, San Mateo","No Detection","2024-05-21","750000","37.832298","-122.373453","2025-07-10T08:03:21.766703Z","June 29, 2025 - July 05, 2025"
"131","ID:1965","Vermont","Chittenden","No Detection","2024-05-17","30000","44.479522804935826","-73.13949183061868","2025-07-10T08:03:21.766703Z","June 29, 2025 - July 05, 2025"
"132","ID:174","California","Santa Clara","No Detection","2024-05-20","110338","37.04371407087521","-121.62755067022803","2025-07-10T08:03:21.766703Z","June 29, 2025 - July 05, 2025"
"133","ID:1460","North Carolina","Pender, Duplin","No Detection","2024-09-09","10000","34.73859280217054","-78.01729021829445","2025-07-10T08:03:21.766703Z","June 29, 2025 - July 05, 2025"
"134","ID:1858","Texas","Dallas","No Detection","2024-05-16","2600000","32.593186649255024","-96.6171093866059","2025-07-10T08:03:21.766703Z","June 29, 2025 - July 05, 2025"
"135","ID:2199","California","Nevada","No Detection","2024-09-10","13754","39.11525297801792","-121.06615869114573","2025-07-10T08:03:21.766703Z","June 29, 2025 - July 05, 2025"
"136","ID:161","California","San Luis Obispo","No Detection","2024-09-10","15000","35.431601700752104","-120.68587143906527","2025-07-10T08:03:21.766703Z","June 29, 2025 - July 05, 2025"
"137","ID:198","Colorado","Jefferson","No Detection","2024-07-11","345454","39.85497561533595","-104.9152258988347","2025-07-10T08:03:21.766703Z","June 29, 2025 - July 05, 2025"
"138","ID:272","Connecticut","Fairfield","No Detection","2024-09-10","52268","41.154141","-73.10109","2025-07-10T08:03:21.766703Z","June 29, 2025 - July 05, 2025"
"139","ID:1856","Texas","Dallas","No Detection","2024-05-17","630000","32.6243250700778","-96.70841933939","2025-07-10T08:03:21.766703Z","June 29, 2025 - July 05, 2025"
"140","ID:2006","Virginia","Stafford","No Detection","2024-05-17","50000","38.28580836695311","-77.39228649484407","2025-07-10T08:03:21.766703Z","June 29, 2025 - July 05, 2025"
"141","ID:639","Louisiana","Orleans","No Detection","2024-05-20","333406","30.056647011905973","-90.331476607414","2025-07-10T08:03:21.766703Z","June 29, 2025 - July 05, 2025"
"142","ID:713","Maine","Penobscot","No Detection","2024-09-10","20000","44.88261782432562","-68.62529631821765","2025-07-10T08:03:21.766703Z","June 29, 2025 - July 05, 2025"
"143","ID:1921","Texas","Webb","No Detection","2024-05-17","140000","27.498896","-99.52832","2025-07-10T08:03:21.766703Z","June 29, 2025 - July 05, 2025"
"144","ID:114","California","Los Angeles","No Detection","2024-05-19","3500000","33.87424298464439","-118.25189757513729","2025-07-10T08:03:21.766703Z","June 29, 2025 - July 05, 2025"
"145","ID:734","Maryland","Garrett","No Detection","2024-09-09","3000","39.36532127529731","-79.40899295594282","2025-07-10T08:03:21.766703Z","June 29, 2025 - July 05, 2025"
"146","ID:1716","Oregon","Benton","No Detection","2021-12-09","58856","44.59142901140648","-123.27255002959558","2025-07-10T08:03:21.766703Z","June 29, 2025 - July 05, 2025"
"147","ID:68","Arkansas","Benton","No Detection","2024-09-11","19000","36.13511512183709","-94.5027457690505","2025-07-10T08:03:21.766703Z","June 29, 2025 - July 05, 2025"
"148","ID:81","Arkansas","Pulaski","No Detection","2024-09-09","23812","34.713062154953654","-92.0743704107463","2025-07-10T08:03:21.766703Z","June 29, 2025 - July 05, 2025"
"149","ID:441","Illinois","Du Page","No Detection","2024-05-17","63000","41.82452502587488","-88.1480742858018","2025-07-10T08:03:21.766703Z","June 29, 2025 - July 05, 2025"
"150","ID:1914","Texas","Travis","No Detection","2024-09-09","539116","30.24118107646491","-97.70556765212068","2025-07-10T08:03:21.766703Z","June 29, 2025 - July 05, 2025"
"151","ID:130","California","Napa","No Detection","2024-05-17","83300","38.33021694261095","-122.29840231782052","2025-07-10T08:03:21.766703Z","June 29, 2025 - July 05, 2025"
"152","ID:1003","Minnesota","Goodhue","No Detection","2024-05-17","16000","44.541533458626404","-92.54649730372421","2025-07-10T08:03:21.766703Z","June 29, 2025 - July 05, 2025"
"153","ID:125","California","Merced","No Detection","2024-05-17","91000","37.25370776223501","-120.50798791024745","2025-07-10T08:03:21.766703Z","June 29, 2025 - July 05, 2025"
"154","ID:361","Hawaii","Honolulu","No Detection","2024-09-09","47000","21.52490701174651","-158.1872327870266","2025-07-10T08:03:21.766703Z","June 29, 2025 - July 05, 2025"
"155","ID:118","California","Marin","No Detection","2024-05-21","104250","37.988313","-122.448413","2025-07-10T08:03:21.766703Z","June 29, 2025 - July 05, 2025"
"156","ID:324","Florida","Orange, Seminole","No Detection","2024-09-09","95000","28.505308764802937","-81.46028017386689","2025-07-10T08:03:21.766703Z","June 29, 2025 - July 05, 2025"
"157","ID:337","Georgia","Fulton","No Detection","2024-05-20","189593","34.04454089745708","-84.38236782661112","2025-07-10T08:03:21.766703Z","June 29, 2025 - July 05, 2025"
"158","ID:2186","Guam","Guam","No Detection","2025-01-19","70486","13.447938859162772","144.65588104781648","2025-07-10T08:03:21.766703Z","June 29, 2025 - July 05, 2025"
"159","ID:101","California","El Dorado","No Detection","2024-09-08","30000","38.86550359644813","-120.01222570142022","2025-07-10T08:03:21.766703Z","June 29, 2025 - July 05, 2025"
"160","ID:229","Colorado","Garfield","No Detection","2024-07-11","16714","39.52699158047979","-107.32112395928974","2025-07-10T08:03:21.766703Z","June 29, 2025 - July 05, 2025"
"161","ID:1463","North Carolina","Forsyth","No Detection","2024-05-17","92000","36.02181548713255","-80.29026537645413","2025-07-10T08:03:21.766703Z","June 29, 2025 - July 05, 2025"
"162","ID:1859","Texas","Kaufman, Collin, Dallas","No Detection","2024-09-11","370000","32.94423746425547","-96.70064016253028","2025-07-10T08:03:21.766703Z","June 29, 2025 - July 05, 2025"
"163","ID:1987","Virginia","Frederick, Winchester City","No Detection","2024-09-10","60000","39.25413975300243","-78.14368911225583","2025-07-10T08:03:21.766703Z","June 29, 2025 - July 05, 2025"
"164","ID:1854","Texas","Dallas","No Detection","2024-09-17","9079","32.62208903001914","-96.64812569395052","2025-07-10T08:03:21.766703Z","June 29, 2025 - July 05, 2025"
"165","ID:523","Indiana","Monroe","No Detection","2024-05-20","56090","39.189987734612075","-86.64838184604966","2025-07-10T08:03:21.766703Z","June 29, 2025 - July 05, 2025"
"166","ID:712","Maine","Penobscot","No Detection","2024-05-20","40000","44.86022007250875","-68.77394565128155","2025-07-10T08:03:21.766703Z","June 29, 2025 - July 05, 2025"
"167","ID:69","Arkansas","Boone","No Detection","2024-05-17","15000","36.271691940098","-93.00827668305243","2025-07-10T08:03:21.766703Z","June 29, 2025 - July 05, 2025"
"168","ID:187","California","Stanislaus","No Detection","2024-10-16","230000","37.66980350799953","-121.08997016109858","2025-07-10T08:03:21.766703Z","June 29, 2025 - July 05, 2025"
"169","ID:732","Maryland","Anne Arundel","No Detection","2024-09-05","13296","38.928926438601145","-76.62533087758698","2025-07-10T08:03:21.766703Z","June 29, 2025 - July 05, 2025"
"170","ID:1919","Texas","Webb","No Detection","2024-05-17","120000","27.3647289213758","-99.47529304391615","2025-07-10T08:03:21.766703Z","June 29, 2025 - July 05, 2025"
"171","ID:1848","Texas","Dallas","No Detection","2024-05-17","200000","32.92460610491192","-96.62484074659594","2025-07-10T08:03:21.766703Z","June 29, 2025 - July 05, 2025"
"172","ID:155","California","San Joaquin","No Detection","2024-09-10","68000","38.15702604802914","-121.41036402113107","2025-07-10T08:03:21.766703Z","June 29, 2025 - July 05, 2025"
"173","ID:2347","California","Santa Barbara","No Detection","2025-04-29","97000","34.42899600286384","-119.8723665671403","2025-07-10T08:03:21.766703Z","June 29, 2025 - July 05, 2025"
"174","ID:2364","Colorado","Weld","No Detection","2024-07-11","40071","40.00580158517283","-104.74758300054928","2025-07-10T08:03:21.766703Z","June 29, 2025 - July 05, 2025"
"175","ID:1741","Oregon","Marion","No Detection","2024-07-23","229000","45.00501621426194","-123.02193415129027","2025-07-10T08:03:21.766703Z","June 29, 2025 - July 05, 2025"
"176","ID:1915","Texas","Travis","No Detection","2024-09-09","529541","30.289781493152685","-97.6169875283703","2025-07-10T08:03:21.766703Z","June 29, 2025 - July 05, 2025"
"177","ID:2365","California","Solano","No Detection","2024-09-22","155000","38.23531707497507","-122.08429378029109","2025-07-10T08:03:21.766703Z","June 29, 2025 - July 05, 2025"
"178","ID:727","Maryland","Anne Arundel","No Detection","2024-09-17","91838","39.01209101674222","-76.4347153066704","2025-07-10T08:03:21.766703Z","June 29, 2025 - July 05, 2025"
"179","ID:1790","Pennsylvania","Montgomery","No Detection","2024-09-10","13000","40.169634000723974","-75.26992626244586","2025-07-10T08:03:21.766703Z","June 29, 2025 - July 05, 2025"
"180","ID:1975","Vermont","Washington","No Detection","2024-05-20","10100","44.26195896755053","-72.57543035991097","2025-07-10T08:03:21.766703Z","June 29, 2025 - July 05, 2025"
"181","ID:552","Kansas","Saline","No Detection","2024-05-17","47000","38.825604692205225","-97.60727601994","2025-07-10T08:03:21.766703Z","June 29, 2025 - July 05, 2025"
"182","ID:126","California","Mono","No Detection","2024-10-02","8200","37.688365143471195","-118.96842097261434","2025-07-10T08:03:21.766703Z","June 29, 2025 - July 05, 2025"
"183","ID:386","Idaho","Kootenai","No Detection","2024-05-17","50540","47.67364339012418","-116.78550606031678","2025-07-10T08:03:21.766703Z","June 29, 2025 - July 05, 2025"
"184","ID:2340","Alaska","Fairbanks North Star","No Detection","2024-09-04","92000","64.83893617027542","-147.87272985536774","2025-07-10T08:03:21.766703Z","June 29, 2025 - July 05, 2025"
"185","ID:195","Colorado","Arapahoe, Adams","No Detection","2024-07-11","268004","39.73690679280058","-104.86122896097137","2025-07-10T08:03:21.766703Z","June 29, 2025 - July 05, 2025"
"186","ID:224","Colorado","El Paso","No Detection","2024-07-11","303855","38.836890707028346","-104.81713076562896","2025-07-10T08:03:21.766703Z","June 29, 2025 - July 05, 2025"
"187","ID:1431","New York","Tompkins","No Detection","2024-06-11","90000","42.43879047609868","-76.55035195324228","2025-07-10T08:03:21.766703Z","June 29, 2025 - July 05, 2025"
"188","ID:341","Georgia","Fulton","No Detection","2024-06-02","70887","33.747555626365326","-84.54958330738661","2025-07-10T08:03:21.766703Z","June 29, 2025 - July 05, 2025"
"189","ID:729","Maryland","Anne Arundel","No Detection","2024-09-10","150078","39.209117631354964","-76.56521847625417","2025-07-10T08:03:21.766703Z","June 29, 2025 - July 05, 2025"
"190","ID:1857","Texas","Dallas","No Detection","2024-06-27","242000","32.89717486323132","-96.60110219530678","2025-07-10T08:03:21.766703Z","June 29, 2025 - July 05, 2025"
"191","ID:2366","New Jersey","Camden","No Detection","2025-01-28","525000","39.91515693790455","-75.08546093020716","2025-07-10T08:03:21.766703Z","June 29, 2025 - July 05, 2025"
"192","ID:1768","Pennsylvania","Butler","No Detection","2024-09-09","45000","40.6653811657421","-80.07985172999562","2025-07-10T08:03:21.766703Z","June 29, 2025 - July 05, 2025"
"193","ID:954","Michigan","Washtenaw","No Detection","2024-05-17","125000","42.40175385675612","-83.48414550000142","2025-07-10T08:03:21.766703Z","June 29, 2025 - July 05, 2025"
"194","ID:308","Florida","Miami-Dade","No Detection","2024-05-19","750000","25.79966144614561","-80.24829186109417","2025-07-10T08:03:21.766703Z","June 29, 2025 - July 05, 2025"
"195","ID:555","Kansas","Wyandotte","No Detection","2024-05-29","35000","39.08100173903086","-94.7856670278585","2025-07-10T08:03:21.766703Z","June 29, 2025 - July 05, 2025"
"196","ID:1206","New Jersey","Essex, Hudson, Passaic, Union, Bergen","No Detection","2024-05-17","1500000","40.788327504849","-74.15431253705843","2025-07-10T08:03:21.766703Z","June 29, 2025 - July 05, 2025"
"197","ID:264","Colorado","Weld","No Detection","2024-07-17","83319","40.41607265467461","-104.69716387064543","2025-07-10T08:03:21.766703Z","June 29, 2025 - July 05, 2025"
"198","ID:741","Massachusetts","Middlesex","No Detection","2024-09-10","228285","42.65641947382149","-71.30383337887397","2025-07-10T08:03:21.766703Z","June 29, 2025 - July 05, 2025"
"199","ID:369","Hawaii","Maui","No Detection","2024-09-08","58900","20.86179783290646","-156.42604155227883","2025-07-10T08:03:21.766703Z","June 29, 2025 - July 05, 2025"
"200","ID:1505","North Carolina","Wilson","No Detection","2024-05-17","50000","35.767644885731336","-77.92297486931267","2025-07-10T08:03:21.766703Z","June 29, 2025 - July 05, 2025"
"201","ID:1732","Oregon","Klamath","No Detection","2022-02-17","20840","42.233925678079984","-121.81436853182667","2025-07-10T08:03:21.766703Z","June 29, 2025 - July 05, 2025"
"202","ID:1917","Texas","Webb","No Detection","2024-09-09","30000","27.745899398612266","-99.43371997174019","2025-07-10T08:03:21.766703Z","June 29, 2025 - July 05, 2025"
"203","ID:536","Iowa","Johnson","No Detection","2024-05-17","23000","41.69131808190746","-91.59492499199051","2025-07-10T08:03:21.766703Z","June 29, 2025 - July 05, 2025"
"204","ID:736","Maryland","Saint Marys","No Detection","2024-05-17","55000","38.2565920363169","-76.4584295332771","2025-07-10T08:03:21.766703Z","June 29, 2025 - July 05, 2025"
"205","ID:1216","New Jersey","Monmouth","No Detection","2024-05-17","100000","40.43665054482273","-74.19473094583407","2025-07-10T08:03:21.766703Z","June 29, 2025 - July 05, 2025"
"206","ID:740","Massachusetts","Hampden","No Detection","2024-09-10","55000","42.16413090615856","-72.65270246502266","2025-07-10T08:03:21.766703Z","June 29, 2025 - July 05, 2025"
"207","ID:2061","Washington","Snohomish","No Detection","2024-05-17","10150","47.943954040881","-122.04842567948265","2025-07-10T08:03:21.766703Z","June 29, 2025 - July 05, 2025"
"208","ID:731","Maryland","Anne Arundel","No Detection","2024-09-03","78365","39.04231189037891","-76.77144352060854","2025-07-10T08:03:21.766703Z","June 29, 2025 - July 05, 2025"
"209","ID:2453","California","Madera","No Detection","2025-03-14","60000","36.97114199651752","-120.12327513126903","2025-07-10T08:03:21.766703Z","June 29, 2025 - July 05, 2025"
"210","ID:703","Maine","Cumberland","No Detection","2024-09-09","6000","43.73251724618408","-70.25627060958792","2025-07-10T08:03:21.766703Z","June 29, 2025 - July 05, 2025"
"211","ID:728","Maryland","Anne Arundel","No Detection","2024-09-09","11802","38.75345854704054","-76.55410288676013","2025-07-10T08:03:21.766703Z","June 29, 2025 - July 05, 2025"
"212","ID:112","California","Los Angeles","No Detection","2024-09-10","200000","34.669635042878845","-118.15799925141738","2025-07-10T08:03:21.766703Z","June 29, 2025 - July 05, 2025"
"213","ID:113","California","Ventura, Los Angeles","No Detection","2024-05-19","4000000","34.00600032370194","-118.4494480199283","2025-07-10T08:03:21.766703Z","June 29, 2025 - July 05, 2025"
"214","ID:2350","Vermont","Addison","No Detection","2024-09-10","9000","44.0059367419395","-73.17426624659889","2025-07-10T08:03:21.766703Z","June 29, 2025 - July 05, 2025"
"215","ID:539","Iowa","Marshall","No Detection","2024-05-16","27400","42.036645815493756","-92.91766391243895","2025-07-10T08:03:21.766703Z","June 29, 2025 - July 05, 2025"
"216","ID:722","Maine","York","No Detection","2024-09-10","20000","43.39250111139823","-70.71503560422786","2025-07-10T08:03:21.766703Z","June 29, 2025 - July 05, 2025"
"217","ID:833","Michigan","Isabella","No Detection","2024-05-17","21690","43.973783119923645","-84.6608429987489","2025-07-10T08:03:21.766703Z","June 29, 2025 - July 05, 2025"
"218","ID:6","Alabama","Jefferson","No Detection","2024-05-17","225000","33.44850261596281","-87.01476093725056","2025-07-10T08:03:21.766703Z","June 29, 2025 - July 05, 2025"
"219","ID:1028","Minnesota","Sherburne, Benton, Stearns","No Detection","2024-05-17","120000","45.501870027535986","-94.13984036690175","2025-07-10T08:03:21.766703Z","June 29, 2025 - July 05, 2025"
"220","ID:2287","Idaho","Latah","No Detection","2024-09-09","25500","46.682812688229305","-116.97859505447323","2025-07-10T08:03:21.766703Z","June 29, 2025 - July 05, 2025"
"221","ID:1217","New Jersey","Monmouth","No Detection","2024-05-17","50000","40.2403736750832","-73.99253966464494","2025-07-10T08:03:21.766703Z","June 29, 2025 - July 05, 2025"
"222","ID:92","California","Alameda","No Detection","2024-05-16","229476","37.53389496496231","-121.95099600600648","2025-07-10T08:03:21.766703Z","June 29, 2025 - July 05, 2025"
"223","ID:2113","Wisconsin","Dane","No Detection","2024-09-09","391815","43.04033325275263","-89.15149288977905","2025-07-10T08:03:21.766703Z","June 29, 2025 - July 05, 2025"
"224","ID:93","California","Alameda","No Detection","2024-09-10","60000","37.65035763613395","-122.15573068431772","2025-07-10T08:03:21.766703Z","June 29, 2025 - July 05, 2025"
"225","ID:2","Alabama","Colbert","No Detection","2024-09-09","18000","34.752907071257226","-87.66591277730821","2025-07-10T08:03:21.766703Z","June 29, 2025 - July 05, 2025"
"226","ID:205","Colorado","Boulder","No Detection","2024-07-11","89383","40.05498293766303","-105.21628019683683","2025-07-10T08:03:21.766703Z","June 29, 2025 - July 05, 2025"
"227","ID:730","Maryland","Anne Arundel","No Detection","2024-09-10","22660","39.09681784486946","-76.75230852280144","2025-07-10T08:03:21.766703Z","June 29, 2025 - July 05, 2025"
"228","ID:798","Michigan","Grand Traverse","No Detection","2024-05-19","30623","44.929621530256796","-85.50913369774914","2025-07-10T08:03:21.766703Z","June 29, 2025 - July 05, 2025"
"229","ID:1179","Nevada","Clark","No Detection","2024-05-17","2000000","36.07894900341359","-115.03697997249154","2025-07-10T08:03:21.766703Z","June 29, 2025 - July 05, 2025"
"230","ID:1182","Nevada","Carson City","No Detection","2025-04-08","60000","39.156698214765335","-119.75060920718114","2025-07-10T08:03:21.766703Z","June 29, 2025 - July 05, 2025"
"231","ID:1722","Oregon","Coos","No Detection","2024-07-15","9975","43.433431365782035","-124.21377596649191","2025-07-10T08:03:21.766703Z","June 29, 2025 - July 05, 2025"
"232","ID:1742","Oregon","Marion","No Detection","2024-07-24","10520","44.99067644246667","-122.76898881813445","2025-07-10T08:03:21.766703Z","June 29, 2025 - July 05, 2025"
"233","ID:1807","Rhode Island","Kent","No Detection","2024-10-29","30000","41.639056143229695","-71.62303742887715","2025-07-10T08:03:21.766703Z","June 29, 2025 - July 05, 2025"
"234","ID:1922","Texas","Wichita","No Detection","2024-05-17","90000","33.985866120216485","-98.44013572814357","2025-07-10T08:03:21.766703Z","June 29, 2025 - July 05, 2025"
"235","ID:84","Arkansas","Pulaski","No Detection","2024-09-09","32043","34.75992597790278","-92.30181649004659","2025-07-10T08:03:21.766703Z","June 29, 2025 - July 05, 2025"
"236","ID:1829","South Dakota","Beadle","No Detection","2024-09-09","14000","44.40679422078149","-98.19422528769724","2025-07-10T08:03:21.766703Z","June 29, 2025 - July 05, 2025"
"237","ID:249","Colorado","Pitkin","No Detection","2024-07-25","5500","39.19754846470686","-106.8353940143141","2025-07-10T08:03:21.766703Z","June 29, 2025 - July 05, 2025"
"238","ID:694","Maine","Androscoggin","No Detection","2024-05-16","60000","44.06326672228966","-70.15456089639524","2025-07-10T08:03:21.766703Z","June 29, 2025 - July 05, 2025"
"239","ID:1849","Texas","Dallas","No Detection","2024-09-08","1000000","32.717929600881355","-96.66255450252758","2025-07-10T08:03:21.766703Z","June 29, 2025 - July 05, 2025"
"240","ID:541","Iowa","Wapello","No Detection","2024-05-17","25529","41.02246157558221","-92.41746047528787","2025-07-10T08:03:21.766703Z","June 29, 2025 - July 05, 2025"
"241","ID:360","Hawaii","Honolulu","No Detection","2024-05-20","400000","21.281684","-157.846003","2025-07-10T08:03:21.766703Z","June 29, 2025 - July 05, 2025"
"242","ID:1743","Oregon","Marion","No Detection","2024-07-23","10840","44.801151528111816","-122.78000430859058","2025-07-10T08:03:21.766703Z","June 29, 2025 - July 05, 2025"
"243","ID:1993","Virginia","Martinsville City, Henry","No Detection","2024-09-09","63000","36.58518332765185","-79.86609181135508","2025-07-10T08:03:21.766703Z","June 29, 2025 - July 05, 2025"
"244","ID:271","Connecticut","Fairfield","No Detection","2024-09-09","72914","41.14183751809081","-73.42630814882314","2025-07-10T08:03:21.766703Z","June 29, 2025 - July 05, 2025"
"245","ID:708","Maine","Knox","No Detection","2024-09-05","7000","44.186375876980485","-69.1108277952059","2025-07-10T08:03:21.766703Z","June 29, 2025 - July 05, 2025"
"246","ID:340","Georgia","Fulton","No Detection","2024-06-02","105160","33.705131803725045","-84.3839350609862","2025-07-10T08:03:21.766703Z","June 29, 2025 - July 05, 2025"
"247","ID:1243","New Mexico","Santa Fe","No Detection","2024-09-09","87000","35.59351349100367","-106.0214745953907","2025-07-10T08:03:21.766703Z","June 29, 2025 - July 05, 2025"
"248","ID:1495","North Carolina","Swain, Jackson","No Detection","2024-09-10","10000","35.51682820187102","-83.2519514671259","2025-07-10T08:03:21.766703Z","June 29, 2025 - July 05, 2025"
"249","ID:1726","Oregon","Douglas","No Detection","2024-07-25","30000","43.219995081512074","-123.39621485432517","2025-07-10T08:03:21.766703Z","June 29, 2025 - July 05, 2025"
"250","ID:270","Connecticut","Fairfield","No Detection","2024-09-08","45878","41.080898664522195","-73.64401128487945","2025-07-10T08:03:21.766703Z","June 29, 2025 - July 05, 2025"
"251","ID:278","Connecticut","New London","No Detection","2024-09-10","41000","41.4810587590659","-72.08984950680743","2025-07-10T08:03:21.766703Z","June 29, 2025 - July 05, 2025"
"252","ID:346","Georgia","Muscogee, Chattahoochee","No Detection","2024-05-20","278000","32.42659761415358","-84.94452059559174","2025-07-10T08:03:21.766703Z","June 29, 2025 - July 05, 2025"
"253","ID:1734","Oregon","Lane","No Detection","2024-07-15","235155","44.10184250393112","-123.13091141278473","2025-07-10T08:03:21.766703Z","June 29, 2025 - July 05, 2025"
"254","ID:1838","Tennessee","Shelby","No Detection","2024-05-16","300000","35.19974577297119","-90.00024557142713","2025-07-10T08:03:21.766703Z","June 29, 2025 - July 05, 2025"
"255","ID:2468","Nevada","Elko","No Detection","2025-04-10","20800","40.85472585938409","-115.74679134997407","2025-07-10T08:03:21.766703Z","June 29, 2025 - July 05, 2025"
"256","ID:1221","New Jersey","Salem","No Detection","2025-01-29","5500","39.705803674961935","-75.46114152438062","2025-07-10T08:03:21.766703Z","June 29, 2025 - July 05, 2025"
"257","ID:1181","Nevada","Washoe","No Detection","2024-12-23","350000","39.50519165503529","-119.68527883191057","2025-07-10T08:03:21.766703Z","June 29, 2025 - July 05, 2025"
"258","ID:253","Colorado","Routt","No Detection","2024-08-15","43741","40.485064921769144","-106.84830732919052","2025-07-10T08:03:21.766703Z","June 29, 2025 - July 05, 2025"
"259","ID:1225","New Jersey","Union","No Detection","2025-01-27","204148","40.60165446956705","-74.28638188897602","2025-07-10T08:03:21.766703Z","June 29, 2025 - July 05, 2025"
"260","ID:1378","New York","Oswego","No Detection","2024-05-17","30000","43.35013458880793","-76.46354315511986","2025-07-10T08:03:21.766703Z","June 29, 2025 - July 05, 2025"
"261","ID:1222","New Jersey","Somerset","No Detection","2024-05-16","7000","40.453188988550785","-74.65519100755351","2025-07-10T08:03:21.766703Z","June 29, 2025 - July 05, 2025"
"262","ID:1775","Pennsylvania","Dauphin","No Detection","2024-05-16","125000","40.28762120354676","-76.90316143569171","2025-07-10T08:03:21.766703Z","June 29, 2025 - July 05, 2025"
"263","ID:336","Georgia","Fulton","No Detection","2024-05-15","84486","34.02825903331748","-84.25979311980434","2025-07-10T08:03:21.766703Z","June 29, 2025 - July 05, 2025"
"264","ID:4","Alabama","Jefferson","No Detection","2024-05-17","30000","33.71406287819372","-86.65244519579562","2025-07-10T08:03:21.766703Z","June 29, 2025 - July 05, 2025"
"265","ID:1820","South Carolina","Greenwood","No Detection","2024-09-10","48000","34.18156080616635","-82.27995048129866","2025-07-10T08:03:21.766703Z","June 29, 2025 - July 05, 2025"
"266","ID:176","California","Santa Clara","No Detection","2024-05-19","1500000","37.459039161261906","-121.92567995823991","2025-07-10T08:03:21.766703Z","June 29, 2025 - July 05, 2025"
"267","ID:1213","New Jersey","Middlesex, Somerset, Union","No Detection","2025-01-29","880000","40.504834376446155","-74.37155410297892","2025-07-10T08:03:21.766703Z","June 29, 2025 - July 05, 2025"
"268","ID:1678","Ohio","Portage, Summit","No Detection","2024-05-17","365000","41.175415663526","-81.558588135597","2025-07-10T08:03:21.766703Z","June 29, 2025 - July 05, 2025"
"269","ID:318","Florida","Pinellas","No Detection","2024-05-17","89847","27.84336534446403","-82.64318619901671","2025-07-10T08:03:21.766703Z","June 29, 2025 - July 05, 2025"
"270","ID:716","Maine","Sagadahoc","No Detection","2024-09-10","8700","43.865029148281174","-69.85423072297553","2025-07-10T08:03:21.766703Z","June 29, 2025 - July 05, 2025"
"271","ID:557","Kansas","Wyandotte","No Detection","2024-05-21","15000","39.15832573268465","-94.82607943046091","2025-07-10T08:03:21.766703Z","June 29, 2025 - July 05, 2025"
"272","ID:164","California","San Luis Obispo","No Detection","2024-05-20","31037","35.63013291167656","-120.69321554810612","2025-07-10T08:03:21.766703Z","June 29, 2025 - July 05, 2025"
"273","ID:1196","New Hampshire","Strafford","No Detection","2024-05-20","30000","43.239738124536075","-70.90054234390959","2025-07-10T08:03:21.766703Z","June 29, 2025 - July 05, 2025"
"274","ID:373","Idaho","Ada","No Detection","2024-05-17","105893","43.55888361804104","-116.26035998843811","2025-07-10T08:03:21.766703Z","June 29, 2025 - July 05, 2025"
"275","ID:1033","Mississippi","Jackson","No Detection","2024-06-16","19008","30.414844130834528","-88.64832941891355","2025-07-10T08:03:21.766703Z","June 29, 2025 - July 05, 2025"
"276","ID:367","Hawaii","Maui","No Detection","2024-09-08","46800","20.737016239180825","-156.39645547484443","2025-07-10T08:03:21.766703Z","June 29, 2025 - July 05, 2025"
"277","ID:1473","North Carolina","Lenoir","No Detection","2024-05-17","25000","35.249849430857765","-77.45938530710798","2025-07-10T08:03:21.766703Z","June 29, 2025 - July 05, 2025"
"278","ID:1204","New Jersey","Cumberland","No Detection","2024-05-17","50000","39.41064885937409","-75.2627830400514","2025-07-10T08:03:21.766703Z","June 29, 2025 - July 05, 2025"
"279","ID:188","California","Stanislaus","No Detection","2024-05-17","86000","37.45528574404287","-120.8204483627218","2025-07-10T08:03:21.766703Z","June 29, 2025 - July 05, 2025"
"280","ID:138","California","Riverside","No Detection","2024-05-17","350000","33.927324033134475","-117.40338883591252","2025-07-10T08:03:21.766703Z","June 29, 2025 - July 05, 2025"
"281","ID:242","Colorado","Mesa","No Detection","2024-07-24","89286","39.09998640201068","-108.59613749059338","2025-07-10T08:03:21.766703Z","June 29, 2025 - July 05, 2025"
"282","ID:1738","Oregon","Linn","No Detection","2022-04-21","57785","44.64735566668136","-123.10815631763198","2025-07-10T08:03:21.766703Z","June 29, 2025 - July 05, 2025"
"283","ID:1757","Oregon","Yamhill","No Detection","2022-05-16","34615","45.21144186927125","-123.20639455846577","2025-07-10T08:03:21.766703Z","June 29, 2025 - July 05, 2025"
"284","ID:184","California","Sonoma","No Detection","2024-05-19","237800","38.49912643966694","-122.76846316849016","2025-07-10T08:03:21.766703Z","June 29, 2025 - July 05, 2025"
"285","ID:1908","Texas","Montgomery","No Detection","2024-05-17","65000","30.14052273055358","-95.46573066853422","2025-07-10T08:03:21.766703Z","June 29, 2025 - July 05, 2025"
"286","ID:160","California","San Luis Obispo","No Detection","2024-09-10","6031","35.548859","-121.100791","2025-07-10T08:03:21.766703Z","June 29, 2025 - July 05, 2025"
"287","ID:1162","Nebraska","Lancaster","No Detection","2024-05-17","60000","40.85760351544668","-96.75124633156248","2025-07-10T08:03:21.766703Z","June 29, 2025 - July 05, 2025"
"288","ID:2005","Virginia","Stafford","No Detection","2024-05-17","100000","38.42521157087576","-77.35336457816278","2025-07-10T08:03:21.766703Z","June 29, 2025 - July 05, 2025"
"289","ID:1850","Texas","Dallas","No Detection","2024-09-17","105158","32.78917464756699","-96.8096332042857","2025-07-10T08:03:21.766703Z","June 29, 2025 - July 05, 2025"
"290","ID:183","California","Solano","No Detection","2024-05-21","121000","38.10490895880866","-122.25077647310488","2025-07-10T08:03:21.766703Z","June 29, 2025 - July 05, 2025"
"291","ID:319","Florida","Pinellas","No Detection","2024-05-17","94218","27.740166520777528","-82.72182697536091","2025-07-10T08:03:21.766703Z","June 29, 2025 - July 05, 2025"
"292","ID:175","California","Santa Clara","No Detection","2024-05-19","236000","37.49793317124382","-122.10052030390732","2025-07-10T08:03:21.766703Z","June 29, 2025 - July 05, 2025"
"293","ID:1622","Ohio","Mahoning","No Detection","2024-05-17","174000","40.8618521829921","-80.70205728292868","2025-07-10T08:03:21.766703Z","June 29, 2025 - July 05, 2025"
"294","ID:13","Alaska","Anchorage","No Detection","2024-05-21","220000","61.24086010166782","-150.0005874267861","2025-07-10T08:03:21.766703Z","June 29, 2025 - July 05, 2025"
"295","ID:147","California","San Francisco, San Mateo","No Detection","2024-05-20","250000","37.75162682104883","-122.51038687572103","2025-07-10T08:03:21.766703Z","June 29, 2025 - July 05, 2025"
"296","ID:186","California","Sonoma","No Detection","2025-04-14","28000","38.54093936508226","-122.80611803778315","2025-07-10T08:03:21.766703Z","June 29, 2025 - July 05, 2025"
"297","ID:709","Maine","Lincoln","No Detection","2024-09-17","2222","43.93385665000796","-69.65231423485753","2025-07-10T08:03:21.766703Z","June 29, 2025 - July 05, 2025"
"298","ID:1777","Pennsylvania","Delaware","No Detection","2024-05-19","220000","39.84726073585288","-75.37331763923716","2025-07-10T08:03:21.766703Z","June 29, 2025 - July 05, 2025"
"299","ID:170","California","San Mateo","No Detection","2024-05-20","199000","37.53550779243194","-122.24985528286923","2025-07-10T08:03:21.766703Z","June 29, 2025 - July 05, 2025"
"300","ID:80","Arkansas","Pulaski","No Detection","2024-09-09","30377","34.85141507731462","-92.26444497245384","2025-07-10T08:03:21.766703Z","June 29, 2025 - July 05, 2025"
"301","ID:157","California","San Joaquin","No Detection","2024-10-08","29000","37.78332629567436","-121.60171955377453","2025-07-10T08:03:21.766703Z","June 29, 2025 - July 05, 2025"
"302","ID:655","Louisiana","Orleans","No Detection","2024-05-17","50591","29.93292418938398","-90.04227431800815","2025-07-10T08:03:21.766703Z","June 29, 2025 - July 05, 2025"
"303","ID:372","Idaho","Ada","No Detection","2024-09-23","195813","43.66027506799912","-116.31100920237489","2025-07-10T08:03:21.766703Z","June 29, 2025 - July 05, 2025"
"304","ID:1978","Virginia","Alleghany","No Detection","2024-09-10","15000","37.65856874123519","-79.80785944377432","2025-07-10T08:03:21.766703Z","June 29, 2025 - July 05, 2025"
"305","ID:223","Colorado","El Paso","No Detection","2024-07-11","102204","38.87820704052576","-104.82409178648136","2025-07-10T08:03:21.766703Z","June 29, 2025 - July 05, 2025"
"306","ID:1767","Pennsylvania","Northampton, Bucks","No Detection","2024-09-12","55000","40.238483429546235","-75.05018352855532","2025-07-10T08:03:21.766703Z","June 29, 2025 - July 05, 2025"
"307","ID:742","Massachusetts","Suffolk, Middlesex, Plymouth, Worcester, Norfolk","No Detection","2024-05-17","2400000","42.420053","-70.902872","2025-07-10T08:03:21.766703Z","June 29, 2025 - July 05, 2025"
"308","ID:1966","Vermont","Chittenden","No Detection","2024-05-21","16000","44.39386378386989","-73.18727758704917","2025-07-10T08:03:21.766703Z","June 29, 2025 - July 05, 2025"
"309","ID:70","Arkansas","Garland","No Detection","2024-09-09","38000","34.52934136821256","-93.07117436030987","2025-07-10T08:03:21.766703Z","June 29, 2025 - July 05, 2025"
"310","ID:309","Florida","Miami-Dade","No Detection","2024-05-17","900000","26.02872261115649","-80.2253035060001","2025-07-10T08:03:21.766703Z","June 29, 2025 - July 05, 2025"
"311","ID:737","Maryland","Washington","No Detection","2024-05-17","90000","39.66510249241691","-77.64020550289567","2025-07-10T08:03:21.766703Z","June 29, 2025 - July 05, 2025"
"312","ID:1218","New Jersey","Morris","No Detection","2025-01-29","24530","40.73298006526676","-74.39543412938643","2025-07-10T08:03:21.766703Z","June 29, 2025 - July 05, 2025"
"313","ID:2243","Oregon","Tillamook","No Detection","2022-11-23","27748","45.45176397364762","-123.84351173270046","2025-07-10T08:03:21.766703Z","June 29, 2025 - July 05, 2025"
"314","ID:2232","Rhode Island","Washington","No Detection","2024-09-09","5000","41.16742926277269","-71.57140677113604","2025-07-10T08:03:21.766703Z","June 29, 2025 - July 05, 2025"
"315","ID:362","Hawaii","Honolulu","No Detection","2024-09-04","19000","21.49991060378909","-158.1296152194737","2025-07-10T08:03:21.766703Z","June 29, 2025 - July 05, 2025"
"316","ID:1200","New Jersey","Atlantic","No Detection","2025-01-30","12000","39.63592674078885","-74.78094722222797","2025-07-10T08:03:21.766703Z","June 29, 2025 - July 05, 2025"
"317","ID:1911","Texas","Randall, Potter","No Detection","2024-05-19","140000","35.23339849316993","-101.81121789926716","2025-07-10T08:03:21.766703Z","June 29, 2025 - July 05, 2025"
"318","ID:2184","Wyoming","Teton","No Detection","2024-09-10","13000","43.481442366909235","-110.86474461033778","2025-07-10T08:03:21.766703Z","June 29, 2025 - July 05, 2025"
"319","ID:993","Minnesota","Blue Earth, Nicollet","No Detection","2024-05-17","70000","44.150671684407016","-94.03448126981935","2025-07-10T08:03:21.766703Z","June 29, 2025 - July 05, 2025"
"320","ID:1855","Texas","Dallas","No Detection","2024-05-17","270000","32.623371346926845","-96.8996379080655","2025-07-10T08:03:21.766703Z","June 29, 2025 - July 05, 2025"
"321","ID:553","Kansas","Shawnee","No Detection","2024-09-09","40000","39.17133371160143","-95.76088203420088","2025-07-10T08:03:21.766703Z","June 29, 2025 - July 05, 2025"
"322","ID:1853","Texas","Dallas","No Detection","2024-09-17","313164","32.84914538493859","-96.78987577201391","2025-07-10T08:03:21.766703Z","June 29, 2025 - July 05, 2025"
"323","ID:1867","Texas","Galveston","No Detection","2024-09-10","115000","29.485390693327563","-95.20454000262538","2025-07-10T08:03:21.766703Z","June 29, 2025 - July 05, 2025"
"324","ID:886","Michigan","Kent","No Detection","2024-05-17","75000","42.93959628400332","-85.86097771781498","2025-07-10T08:03:21.766703Z","June 29, 2025 - July 05, 2025"
"325","ID:1208","New Jersey","Hudson","No Detection","2025-01-29","145000","40.763970534666484","-74.0093415348741","2025-07-10T08:03:21.766703Z","June 29, 2025 - July 05, 2025"
"326","ID:2441","Maryland","Montgomery","No Detection","2025-02-13","208364","39.16783040701505","-77.27099017672636","2025-07-10T08:03:21.766703Z","June 29, 2025 - July 05, 2025"
"327","ID:1744","Oregon","Multnomah","No Detection","2021-11-16","662235","45.62105915325483","-122.7860236850902","2025-07-10T08:03:21.766703Z","June 29, 2025 - July 05, 2025"
"328","ID:1912","Texas","Randall, Potter","No Detection","2024-05-19","60000","35.09819659410681","-101.8310171971678","2025-07-10T08:03:21.766703Z","June 29, 2025 - July 05, 2025"
"329","ID:268","Connecticut","Fairfield","No Detection","2024-05-17","140000","41.126355838946374","-73.4732304806802","2025-07-10T08:03:21.766703Z","June 29, 2025 - July 05, 2025"
"330","ID:190","California","Ventura","No Detection","2024-09-10","250000","34.15822130307878","-119.03477485156469","2025-07-10T08:03:21.766703Z","June 29, 2025 - July 05, 2025"
"331","ID:312","Florida","Orange","No Detection","2024-05-16","80000","28.417229902719818","-81.65079332728803","2025-07-10T08:03:21.766703Z","June 29, 2025 - July 05, 2025"
"332","ID:1226","New Mexico","Bernalillo","No Detection","2024-09-08","650000","35.03123532139998","-106.68636195715744","2025-07-10T08:03:21.766703Z","June 29, 2025 - July 05, 2025"
"333","ID:1837","Tennessee","Catoosa, Walker, Dade, Hamilton","No Detection","2024-05-17","400000","35.0868973055614","-85.32042624806901","2025-07-10T08:03:21.766703Z","June 29, 2025 - July 05, 2025"
"334","ID:326","Georgia","Fulton","No Detection","2024-05-20","12818","34.11315610087519","-84.47760979426317","2025-07-10T08:03:21.766703Z","June 29, 2025 - July 05, 2025"
"335","ID:545","Kansas","Douglas","No Detection","2024-05-17","80000","38.93861307462636","-95.23794938630665","2025-07-10T08:03:21.766703Z","June 29, 2025 - July 05, 2025"
"336","ID:322","Florida","Sarasota","No Detection","2024-10-01","100000","27.42698645301653","-82.4169609102037","2025-07-10T08:03:21.766703Z","June 29, 2025 - July 05, 2025"
"337","ID:359","Hawaii","Honolulu","No Detection","2024-05-20","300000","21.30021174949671","-158.0604692604474","2025-07-10T08:03:21.766703Z","June 29, 2025 - July 05, 2025"
"338","ID:1215","New Jersey","Monmouth","No Detection","2024-05-17","47000","40.117072015775776","-74.03158773553153","2025-07-10T08:03:21.766703Z","June 29, 2025 - July 05, 2025"
"339","ID:7","Alabama","Jefferson","No Detection","2024-05-21","200000","33.519951465492426","-86.93252223222258","2025-07-10T08:03:21.766703Z","June 29, 2025 - July 05, 2025"
"340","ID:710","Maine","Oxford","No Detection","2024-09-09","1500","44.44328615771576","-70.82683087332023","2025-07-10T08:03:21.766703Z","June 29, 2025 - July 05, 2025"
"341","ID:1735","Oregon","Lincoln","No Detection","2022-03-03","8865","44.96488369065965","-124.00998750984024","2025-07-10T08:03:21.766703Z","June 29, 2025 - July 05, 2025"
"342","ID:168","California","San Mateo","No Detection","2024-09-11","150000","37.573914","-122.262868","2025-07-10T08:03:21.766703Z","June 29, 2025 - July 05, 2025"
"343","ID:255","Colorado","San Miguel","No Detection","2024-07-29","15000","37.9360582645361","-107.84825979139748","2025-07-10T08:03:21.766703Z","June 29, 2025 - July 05, 2025"
"344","ID:726","Maryland","Anne Arundel","No Detection","2024-09-05","89319","38.957251138993676","-76.49165321656706","2025-07-10T08:03:21.766703Z","June 29, 2025 - July 05, 2025"
"345","ID:320","Florida","Pinellas","No Detection","2024-05-17","47790","27.735460545613403","-82.6793405912888","2025-07-10T08:03:21.766703Z","June 29, 2025 - July 05, 2025"
"346","ID:171","California","Santa Barbara","No Detection","2024-05-20","69290","34.65088457903685","-120.45449899092816","2025-07-10T08:03:21.766703Z","June 29, 2025 - July 05, 2025"
"347","ID:304","Florida","Escambia","No Detection","2024-09-10","207000","30.564595917387432","-87.40719058692218","2025-07-10T08:03:21.766703Z","June 29, 2025 - July 05, 2025"
"348","ID:698","Maine","Aroostook","No Detection","2024-09-10","5000","46.89984876160944","-68.03440101495922","2025-07-10T08:03:21.766703Z","June 29, 2025 - July 05, 2025"
"349","ID:9","Alabama","Lee","No Detection","2024-09-10","70000","32.55205288657369","-85.48913414992856","2025-07-10T08:03:21.766703Z","June 29, 2025 - July 05, 2025"
"350","ID:1746","Oregon","Polk","No Detection","2024-07-15","16555","44.93180219934374","-123.22960395770134","2025-07-10T08:03:21.766703Z","June 29, 2025 - July 05, 2025"
"351","ID:533","Iowa","Clinton","No Detection","2024-05-17","29300","41.85496511899535","-90.20685412406827","2025-07-10T08:03:21.766703Z","June 29, 2025 - July 05, 2025"
"352","ID:1219","New Jersey","Morris","No Detection","2025-02-03","90000","40.85799136664823","-74.41344122374154","2025-07-10T08:03:21.766703Z","June 29, 2025 - July 05, 2025"
"353","ID:169","California","San Mateo","No Detection","2024-09-10","27000","37.50759632780662","-122.4656863015569","2025-07-10T08:03:21.766703Z","June 29, 2025 - July 05, 2025"
"354","ID:1081","Missouri","Jefferson","No Detection","2024-09-10","48000","38.36504161274589","-90.35434856681526","2025-07-10T08:03:21.766703Z","June 29, 2025 - July 05, 2025"
"355","ID:214","Colorado","Douglas","No Detection","2024-05-20","35000","39.58882333659165","-104.84218162607755","2025-07-10T08:03:21.766703Z","June 29, 2025 - July 05, 2025"
"356","ID:316","Florida","Martin, Palm Beach","No Detection","2024-05-17","90000","26.985771669204876","-80.17632039809274","2025-07-10T08:03:21.766703Z","June 29, 2025 - July 05, 2025"
"357","ID:2517","Maryland","Prince Georges","No Detection","2025-06-04","55848","39.07121559170598","-76.8438950487731","2025-07-10T08:03:21.766703Z","June 29, 2025 - July 05, 2025"
"358","ID:1164","Nebraska","Lancaster","No Detection","2024-05-17","240000","40.87157745788422","-96.64858726827093","2025-07-10T08:03:21.766703Z","June 29, 2025 - July 05, 2025"
"359","ID:300","District of Columbia","Fairfax, Prince Georges, District Of Columbia, Loudoun, Montgomery, Arlington","No Detection","2024-09-04","1600000","38.861312","-76.949696","2025-07-10T08:03:21.766703Z","June 29, 2025 - July 05, 2025"
"360","ID:99","California","Contra Costa","No Detection","2024-09-09","102000","37.932359","-122.410036","2025-07-10T08:03:21.766703Z","June 29, 2025 - July 05, 2025"
"361","ID:121","California","Marin","No Detection","2024-05-17","53000","38.112993977643804","-122.56810634814991","2025-07-10T08:03:21.766703Z","June 29, 2025 - July 05, 2025"
"362","ID:1745","Oregon","Multnomah","No Detection","2024-07-21","45600","45.45746465012735","-122.69390725311868","2025-07-10T08:03:21.766703Z","June 29, 2025 - July 05, 2025"
"363","ID:1805","Rhode Island","Bristol","No Detection","2024-09-11","11500","41.725227158471064","-71.3285579084359","2025-07-10T08:03:21.766703Z","June 29, 2025 - July 05, 2025"
"364","ID:338","Georgia","Fulton","No Detection","2024-06-26","73821","33.60390689131335","-84.49901214536115","2025-07-10T08:03:21.766703Z","June 29, 2025 - July 05, 2025"
"365","ID:540","Iowa","Muscatine","No Detection","2024-05-20","24400","41.42148041033979","-91.05835602532774","2025-07-10T08:03:21.766703Z","June 29, 2025 - July 05, 2025"
"366","ID:1866","Texas","Galveston","No Detection","2024-09-08","15000","29.266555303050897","-94.84952230546557","2025-07-10T08:03:21.766703Z","June 29, 2025 - July 05, 2025"
"367","ID:8","Alabama","Jefferson","No Detection","2024-05-17","95000","33.35467296655103","-86.8291059747905","2025-07-10T08:03:21.766703Z","June 29, 2025 - July 05, 2025"
"368","ID:1851","Texas","Dallas","No Detection","2024-09-17","131391","32.77565467774146","-96.7525654106465","2025-07-10T08:03:21.766703Z","June 29, 2025 - July 05, 2025"
"369","ID:2025","Virginia","Petersburg City","No Detection","2024-09-10","33458","37.1210382110231","-77.45932541299175","2025-07-10T08:03:21.766703Z","June 29, 2025 - July 05, 2025"
"370","ID:1950","Utah","Utah","No Detection","2024-05-20","115000","40.236322535282135","-111.69392311786197","2025-07-10T08:03:21.766703Z","June 29, 2025 - July 05, 2025"
"371","ID:2138","Wisconsin","Marathon","No Detection","2024-05-17","44000","45.01778283818883","-89.58875341218888","2025-07-10T08:03:21.766703Z","June 29, 2025 - July 05, 2025"
"372","ID:307","Florida","Leon","No Detection","2024-05-16","212065","30.398464299101665","-84.29022057570869","2025-07-10T08:03:21.766703Z","June 29, 2025 - July 05, 2025"
"373","ID:1491","North Carolina","Rowan","No Detection","2024-09-10","21000","35.75225717998095","-80.4825392271868","2025-07-10T08:03:21.766703Z","June 29, 2025 - July 05, 2025"
"374","ID:1976","Vermont","Windsor","No Detection","2024-09-10","6000","43.362585457473294","-72.66698161756717","2025-07-10T08:03:21.766703Z","June 29, 2025 - July 05, 2025"
"375","ID:120","California","Marin","No Detection","2024-11-12","30000","38.04521790124915","-122.62788125583727","2025-07-10T08:03:21.766703Z","June 29, 2025 - July 05, 2025"
"376","ID:194","California","Yolo","No Detection","2024-05-22","59000","38.60171625761312","-121.68419017105194","2025-07-10T08:03:21.766703Z","June 29, 2025 - July 05, 2025"
"377","ID:177","California","Santa Cruz","No Detection","2024-09-09","164000","37.06911661863996","-121.92649639822191","2025-07-10T08:03:21.766703Z","June 29, 2025 - July 05, 2025"
"378","ID:166","California","San Luis Obispo","No Detection","2024-09-09","39000","35.15258213606934","-120.61180790336506","2025-07-10T08:03:21.766703Z","June 29, 2025 - July 05, 2025"
"379","ID:315","Florida","Orange","No Detection","2024-05-16","183009","28.33458056898388","-81.58390219404357","2025-07-10T08:03:21.766703Z","June 29, 2025 - July 05, 2025"
"380","ID:357","Hawaii","Hawaii","No Detection","2024-09-09","32604","19.802410324795964","-155.0867183203776","2025-07-10T08:03:21.766703Z","June 29, 2025 - July 05, 2025"
"381","ID:2450","Nevada","Washoe","No Detection","2025-03-04","28000","39.634998346682266","-119.8557415416656","2025-07-10T08:03:21.766703Z","June 29, 2025 - July 05, 2025"
"382","ID:1203","New Jersey","Burlington","No Detection","2025-01-29","19980","39.948616458512845","-74.98957042419364","2025-07-10T08:03:21.766703Z","June 29, 2025 - July 05, 2025"
"383","ID:845","Michigan","Jackson","No Detection","2024-05-16","90000","42.314511272945055","-84.40443799993231","2025-07-10T08:03:21.766703Z","June 29, 2025 - July 05, 2025"
"384","ID:83","Arkansas","Pulaski","No Detection","2024-09-09","18463","34.82618518671918","-92.3586563422556","2025-07-10T08:03:21.766703Z","June 29, 2025 - July 05, 2025"
"385","ID:97","California","Contra Costa","No Detection","2024-09-10","487300","37.883593819318335","-122.16758121864463","2025-07-10T08:03:21.766703Z","June 29, 2025 - July 05, 2025"
"386","ID:568","Kentucky","Jefferson","No Detection","2024-05-20","423913","38.2140996285356","-85.77053960535035","2025-07-10T08:03:21.766703Z","June 29, 2025 - July 05, 2025"
"387","ID:1717","Oregon","Clackamas","No Detection","2024-07-10","14206","45.25161410599319","-122.6870360047237","2025-07-10T08:03:21.766703Z","June 29, 2025 - July 05, 2025"
"388","ID:2187","Guam","Guam","No Detection","2025-01-12","14535","13.438323393828165","144.62369793133294","2025-07-10T08:03:21.766703Z","June 29, 2025 - July 05, 2025"
"389","ID:1935","Utah","Salt Lake","No Detection","2024-05-17","600000","40.70872872116703","-112.00387039955305","2025-07-10T08:03:21.766703Z","June 29, 2025 - July 05, 2025"
"390","ID:71","Arkansas","Greene","No Detection","2024-09-04","25000","36.01295128837552","-90.51745131052023","2025-07-10T08:03:21.766703Z","June 29, 2025 - July 05, 2025"
"391","ID:290","Delaware","Sussex","No Detection","2024-05-17","13172","38.67920480426128","-75.56622806631414","2025-07-10T08:03:21.766703Z","June 29, 2025 - July 05, 2025"
"392","ID:127","California","Monterey","No Detection","2024-05-16","262000","36.6588874004974","-121.82327618058818","2025-07-10T08:03:21.766703Z","June 29, 2025 - July 05, 2025"
"393","ID:173","California","Santa Clara","No Detection","2024-05-20","153000","37.436421604319754","-121.99441725751291","2025-07-10T08:03:21.766703Z","June 29, 2025 - July 05, 2025"
"394","ID:1729","Oregon","Jackson","No Detection","2022-04-20","21105","42.19021815082209","-122.69305573405785","2025-07-10T08:03:21.766703Z","June 29, 2025 - July 05, 2025"
"395","ID:143","California","San Bernardino","No Detection","2024-05-20","890000","34.041421153803356","-117.6100611955945","2025-07-10T08:03:21.766703Z","June 29, 2025 - July 05, 2025"
"396","ID:760","Massachusetts","Worcester","No Detection","2024-05-16","250000","42.199448571400985","-71.76871447289427","2025-07-10T08:03:21.766703Z","June 29, 2025 - July 05, 2025"
"397","ID:145","California","San Diego","No Detection","2024-05-19","2200000","32.725254","-117.257487","2025-07-10T08:03:21.766703Z","June 29, 2025 - July 05, 2025"
"398","ID:702","Maine","Cumberland","No Detection","2024-09-10","8500","43.82665323053822","-70.1261755179021","2025-07-10T08:03:21.766703Z","June 29, 2025 - July 05, 2025"
"399","ID:368","Hawaii","Maui","No Detection","2024-09-08","50700","20.9493652687869","-156.64421719799265","2025-07-10T08:03:21.766703Z","June 29, 2025 - July 05, 2025"
"400","ID:895","Michigan","Macomb","No Detection","2024-05-21","140000","42.48579485512594","-83.0512213415264","2025-07-10T08:03:21.766703Z","June 29, 2025 - July 05, 2025"
"401","ID:505","Indiana","Clark","No Detection","2024-05-17","25000","38.349324904459465","-85.72450774780357","2025-07-10T08:03:21.766703Z","June 29, 2025 - July 05, 2025"
"402","ID:506","Indiana","Clark","No Detection","2024-05-17","25000","38.297005488175984","-85.68132125921368","2025-07-10T08:03:21.766703Z","June 29, 2025 - July 05, 2025"
"403","ID:139","California","Riverside","No Detection","2024-05-17","91765","33.74357657285503","-116.32712570769301","2025-07-10T08:03:21.766703Z","June 29, 2025 - July 05, 2025"
"404","ID:1868","Texas","Galveston","No Detection","2024-09-10","115000","29.50211613544601","-95.02813924773466","2025-07-10T08:03:21.766703Z","June 29, 2025 - July 05, 2025"
"405","ID:246","Colorado","Otero","No Detection","2024-07-11","29643","37.986469035536494","-103.54456854085052","2025-07-10T08:03:21.766703Z","June 29, 2025 - July 05, 2025"
"406","ID:1034","Mississippi","Jackson","No Detection","2024-06-11","34333","30.541490675814288","-88.74868911202977","2025-07-10T08:03:21.766703Z","June 29, 2025 - July 05, 2025"
"407","ID:1909","Texas","Montgomery","No Detection","2024-05-17","70000","30.17687238910447","-95.50681071179552","2025-07-10T08:03:21.766703Z","June 29, 2025 - July 05, 2025"
"408","ID:1224","New Jersey","Essex, Union","H5 Detection","2025-01-30","1300000","40.69187220767635","-74.25196364159284","2025-07-10T08:03:21.766703Z","June 29, 2025 - July 05, 2025"
"409","ID:1719","Oregon","Clackamas","H5 Detection","2024-07-24","26298","45.33256591278695","-122.81201833493081","2025-07-10T08:03:21.766703Z","June 29, 2025 - July 05, 2025"
